phrase,is_good
cycle tea we,1
poppy seeds 6x2.4,0
oil contains,0
6x17 oz sohgave,0
classic flavor,1
bottled in clear,0
reward your cat,0
extra stress,0
hint of bleu,1
natural with happy,0
diet has never,0
creates this decriptions,0
incredible rice,1
coconut unsulphured,1
oetker double,1
needs buried treasure's,1
maintain cholesterol,1
hair mid day,0
even delicate,0
mind allowing,0
sweet all,0
chewy bite,0
peanuts for superb,0
falls blows,0
habit you won't,0
12x 11.75z light,0
peanut butter chips,1
other key factors,0
one capsule daily,0
oral treatment,1
sea 6x,0
essentials cotton balls,0
skin directions,0
lime and coconut,1
ft heavy duty,0
sea salt tapioca,1
pot pie,1
concentrate agave,0
tree oil massage,1
sweet and penetrating,1
lemon juice,1
aroma which,0
raisin peanut spread,0
clean and freshen,1
discerning sweet,1
oz ingredients simmondsia,0
1x30 cap ease,0
van body lotion,1
harvested from pristine,0
eo rosemary mint,0
herb for centuries,0
dr mcdougall's tortilla,1
citrus used,0
nutritious meal,1
vanilla chamomile,1
potato powder,1
chewy chocolate flavor,1
use ingredients,0
bam emeril's,0
each tasty citrus,0
essential for cardiovascular,1
soothing effects,1
ayur mouthwash 1x12,0
nacho cheddar popcorn,1
unmistakable coconut,0
oz ginger snap,0
oz ketchup,0
acid diced,0
great for larger,0
traditional healing spices,1
clean fresh oil,1
apricot and pear,1
fruit stem,1
formula ester,0
farms irresistibly,0
lift we're looking,0
thyme essential,0
from another,0
peas slow,0
crunchy brown rice,1
from china's,0
cookies butter,1
crops send,0
spices sea,0
ingredient tomato,0
aloe vera help,0
last thing,0
farms sweet rice,1
dried for pasta,1
formula we combine,0
white rice,1
frs blackberry acai,0
kits for your,0
free some people,0
purely elizabeth cranberry,1
warmth when you,0
rich in antioxidant,1
pamela's extreme chocolate,1
crunch dark chocolate,1
corn starch pregelatinized,1
harina natural,1
unique vinegar,0
sweet soothing,1
deliciousvanilla almond,1
packed with rich,0
kid's cold,0
herbs organic non,0
cmphr rlf,0
snack whenever,0
one multivitamin,0
naturals turmeric,1
sugar necessary gluten,1
pinellia root jujube,1
alluring taste,1
tea w lavender,0
tasting gritty,1
piece of heaven,0
free beth developed,0
broth give,0
12x10 oz seasoned,0
pain that even,0
smoke on wavy,0
quinoa vegetarian,0
green rhizome,0
satisfy your craving,1
years chinese herbalists,0
face anticavity,0
ridge strawberry,0
twinlab energy,0
sodium monofluorophosphate sourced,0
cold pressed high,0
chips have,0
responsible for much,0
early 1990s,0
cheese to balance,0
cranberry apple zinger,1
face trial,0
snapdragon thai ginger,1
use organic,0
while coq10,0
discoloration from bruises,1
monofluorophosphate sourced from,0
inevitable hyland's bumps,0
violently wrong,0
coconut water 12x8.45,0
sweet potato description,0
refreshing and delicious,1
vanilla extract please,0
its low abrasive,0
granola sprinkled,0
acid green tea,0
roasted bell pepper,0
coconut oil extracts,1
onions lentils carrots,1
warming spice,1
pearls and pure,0
from all,0
just when,0
wholesome 12x,0
aging ideal,0
lightly scented high,1
baking recipes,1
ingredients include,0
pack maraschino cherries,0
system heart health,0
building living,0
fair trade lemon,0
neat matching pocket,0
papaya enzymes,0
pineapple coconut water,1
bar please note,0
favorite when,0
city we,0
our artichoke bruschetta,0
fresh brighter,0
pear to sweeten,0
our lactose intolerant,0
mill seasoned coating,1
formulation to help,0
while aloe chamomile,0
creates rich,0
free conscious gluten,0
sun aging,0
anti plaque flat,0
same quality standards,0
caramelized flavor crunch,1
diced tomatoes,1
limes selected,0
over individual bar,0
essence organics lemon,0
one we,0
organic and contains,0
emperor this creamy,0
bon ami all,0
onto face reapply,0
grey flavor note,0
cheese spread,0
benefits of allantoin,0
women who participate,0
oz calimyrna figs,0
green teas favored,0
convenient homeopathic,0
tip plan,0
rich tasting concentrate,0
contain no iron,1
hyland cough honey,0
faces hands,0
nutr fiber,0
oz fat,0
own gluten,0
bar purchase,0
picky eater,0
flavor citric,0
homeopathic hyland ntime,0
maman apricot,1
protective moisturizer,1
extract provides rich,0
from mexico's,0
honey which,0
cake will transport,0
buttermilk solids,1
about that your,0
up and chomp'em,0
skin well,0
kale chips have,0
qualities hippocrates prescribed,0
oil extra virgin,0
homeopathic hyland defend,0
oz all organic,0
spherical jojoba,1
milled unrefined,0
aloe green,1
spicy vietnamese,1
tthpst 6x4.7 oz,0
lips absorbing,1
1x16 oz magnesium,0
real organic,1
oz exfoliate once,0
holding cookies umm,0
tighten dermal structure,0
seasonings decaf,0
than black tea,0
palmitic acid stearic,0
shiitake is one,0
enchiladas chile con,0
giovanni d:tox system,0
have cooling,0
gently nourishes,0
fermented soy sauce,1
hylands homeopathic complete,1
tab nux,0
had your,0
salsa picante chips,1
foods chef,0
per serving happytot,0
fire roast,0
chili sesame oil,1
day.tm note,0
bar is dairy,0
traditional way gluten,0
looking skin,0
gum xanthan,0
pepper powder natural,1
apples apples,0
granola pastry bars,1
peanuts are roasted,0
free tings,0
roasted loose,0
root extract has,0
purple grain,1
apple pieces,0
magnesium ascorbyl phosphate,1
irritated eye relief,0
cherrybrook kitchen,0
hair feeling healthier,1
mineral salts fight,0
eyes while,0
hoc restaurant,0
one hear,0
pure aromatic,1
planifolia extracts sodium,0
oz unscented conditioner,0
those hard,0
comfort dry,0
create a home,1
without overtaking them,0
dedicated vegan,0
around vegetables whole,0
kettle chips lightly,0
strong full bodied,0
tea's beneficial antioxidants,1
find yourself manipulating,0
its heat from,0
its all natural,0
pineapples have,0
buy with confidence,0
each delicious serving,0
creamy coconut curry,0
discounts combining nature's,0
millschocolate gf cake,0
aroma vanilla toasted,0
rich in alpha,1
soybeans a robust,0
while emollient organic,0
own alfredo,0
bag a satisfying,0
handle allowing even,0
relief of skin,0
face under age,0
onion wfm rice,0
powerful protein,1
fruit mixed berry,1
kalamata olives,1
lifts them away,0
flour and brown,1
drnk tabs 8x12,0
toned red,1
vinegar chips providing,0
times raspberry leaf,0
banana amaranth,1
oz topricin foot,0
leeper's lasagna dinner,1
island of sri,0
tea is traditionally,0
protect and help,0
healthy sweetener,1
tea original,0
want one,0
meal solution,0
chip you'll,0
regular mayonnaise,1
anytime vivant italian,0
fresh and wonderful,1
rich olive oil,1
natural compliant,1
maximum strength,1
sweet tangy,1
old 7 mustard,0
lasting providing fun,0
spring clinically proven,0
prevent bruising,1
make we took,0
cherries this rich,0
natural fuel from,0
ingredients is cooked,0
winding along,0
barsa few wholesome,0
ergonomic handle promotes,0
connected to its,0
cup of zhena's,0
save on sweet,0
favorite decadent yet,0
from hatch,0
extra flavor,0
caramel molasses tones,0
tropical oh my,0
meal try using,0
heart energy drink,1
lundberg farms pico,0
digestion from food,0
left assorted toothbrush,0
paprika description,0
almonds aromatic,1
6x hpus ipecacuanha,0
new zealand dairy,0
runner peanut varietals,0
antioxidants jasmine,1
solid odor absorbers,1
acid ha,0
chips deliver,0
cause fermentation,0
crunchy and ohhh,0
oz toddler mum,0
something sweet,0
we abstain from,0
other impurities green,0
3x16oz live granola,0
oil whey,0
honey accompanied,1
vegetal richness,1
hair dfrzzer,0
answer to improving,0
discounts works,0
perfection light,0
up our unique,0
floral aroma shaped,0
tab nail,0
betty lou's apricot,0
bubblegum flavors,1
canyon natural,1
pepper our,0
thin crunch,0
spent a whole,0
bach empty,0
roasted mat,1
oz a generously,0
rice spirals plus,0
two great flavours,0
products ginger root,0
usa using only,0
revitalizing note,0
oz seasoned,0
add subtle nuances,0
supports the immune,1
extract while freshening,0
hearty toasts,1
base for open,0
formula help promote,0
amore sun dried,0
selected vitamins,0
nerve and visual,0
garden thyme,0
tea has been,0
harnesses the incredible,0
org green garlic,0
soups mississippi delta,0
numi tea chinese,0
larger nbsp granulation,0
early season,0
healthy soft,1
chloride choline,0
ever have one,0
high fiber low,1
lotion fruit,1
oz spray,0
clif bar,0
teas orange,0
created second,0
its taste,0
yerba mate,1
drink sensation note,0
properties and vitamin,0
against damage,0
watkins vapor rub,1
seeds buckwheat dried,0
oz your,0
chick pea flour,1
tasting bar,0
all organically,0
ingredients include zinc,1
states nell,0
protein to add,0
cardiovascular support,0
aroma molasses,0
skin wakes up,0
mango moisturizing,1
pizzas top,0
health benefits from,0
herbal tea formula,1
technically advance herbal,0
delicious papaya fruit,1
natural with zand,0
medicines have been,0
mills puffed corn,1
tube bonus,0
tabs can,0
waffle recipes,1
smooth green tea,1
lake motosuko,0
paper helps,0
almond crunch bar,1
celery leeks cilantro,0
powdered sugar imparts,0
delicious naturally sweetened,1
protein this legume,0
oils palm oil,0
glycerin soaps,1
guatemalan lemongrass note,0
mary's original,0
all flavors,0
coconuts to give,0
honey nut coconut,0
professional cookware porcelain,0
our fabulous combination,0
gums get soothing,1
delicious and lives,0
cuisine india delhi,1
grain himalayan salt,1
cumin soybean,0
uvb photo,0
herb tea licorice,0
day countertop,0
raw creamy,1
featuring 1,0
pets dog,0
joy ready,0
puffy candy,1
apple aloe vera,1
protects sensitive,0
source of nutrients,0
hands and body,0
windows and vinyl,0
perfect for flexible,0
eat note,0
pilaf blend 12x5.6,0
12x 8.0 oz,0
12x11 oz,0
more manageable,0
your baby all,0
silky cr me,0
twisted little,0
stiffness due,0
ingredients label,0
banana acidophilus,1
from her,0
well popeye,0
steel porcelain,0
santa cruz mango,1
shampoo naturally promotes,0
kosher shaker,0
pop them,0
flavor the perfect,0
citric acid ascorbic,1
beverage is here,0
sweetened 6x21 oz,0
seventh generation tall,0
prepare corn,0
panthenol and shea,1
simple fruity goodness,1
havoc in your,0
running your fingers,0
lasting relief works,0
tree therapy,0
12x10 oz,0
vera hand,0
curries green,0
oil is formulated,0
breaks conditions,0
nibble anytime nbsp,0
chocolate with peanut,0
from desert dates,0
healthy radiant,0
weleda pomegranate regenerating,0
silky extracts,1
essence bulgarian,0
standardized bio,0
pomegranate hard candy,0
decaf sweet,0
roll on hemp,0
take much,0
lavandula hybrida essential,0
alter eco red,0
amazing messes,0
certified laundry,0
cared for during,0
royal fig,1
raspberry pomegranate,1
quiet little indulgence,0
salt oregano vinegars,1
bottles each hour,0
up unwanted,0
night chamomile,0
just two level,0
acid natural,0
12x1.75 oz,0
cream 6x cold,0
mom baby,0
only kosher,0
tone for visbly,0
world known,0
coco 12x,0
vitality and vigor,1
size fits all,0
pure organic,0
bears fiber,0
energy and adrenal,0
honey is collected,0
twist grated parmesan,0
reaches a deep,0
crunchmaster multi seed,0
sudden bad,0
cleansers purify while,0
white blue red,0
oz shea,0
regular tapioca,1
sandwich masterly crafted,0
pomegranate's sweetness,1
fear failure,0
bar soap lavender,0
love the tangy,0
oz green sprouted,0
rich sweet tart,0
come note,0
provide gentle effective,0
toms gngrmnt prop,0
product label prior,0
crunchy corn,1
prevent the formation,0
scent in greek,0
natralia heel,0
soup we say,0
more protein than,0
bursting with so,0
oz corn flakes,0
world's best lingonberries,1
longer freshness,1
make wonderful bread,1
tea add,0
freshness and carefully,0
bag tropical,0
mind we took,0
scalp intens,0
grape flavor,1
roasted chicory note,0
sweet potatoes,1
kids need proper,0
you're on your,0
pale ivory seeds,1
products honeysuckle hand,0
herbal tea numi,1
skullcap leaf makes,0
cookies chocolate cookie,0
you mind,0
bacteria that resides,0
animal or chemical,0
fat soluble alpha,0
believe a nutrition,0
gigantic domesticated,0
high strength,1
illuminating body lotion,1
puffed rice amp,0
bag relaxing herb,0
oz rainbow sprinkles,0
starch kosher,0
combines beneficial therapeutic,0
water let steep,0
pleases your,0
berry rice crispy,0
appearance of pores,0
leaves ginger root,0
french atlantic coast,0
sesame oil note,0
save on shady,0
richness from,0
cooks in two,0
health for your,0
pack big,0
mix provides,0
chicory note,0
our double chocolate,0
enjoy the very,0
water for instant,0
alkalinity wakame,0
figs a traditional,0
crackers are certified,0
oz summer corn,0
tea producing,0
rice this versatile,0
reduce oily build,0
people 24x,0
finicky but even,0
c2 red,0
favorite thai restaurant,0
solid wastes,0
smelling naturally fresh,1
ruth's apple almond,1
izze sparkling flavored,0
road trip,0
vitamin c also,0
runny nose itchy,1
tropical fruit believed,0
purifies as sugar,0
recommended fragrance,0
our allerease botanical,0
olive brine,0
means fire captures,0
estrogen detoxification 90mg,0
free made,0
bean sprout translates,0
acting and enhanced,0
soapworks aloe,0
have no artificial,0
free pantry country,0
enjoy st dalfour,0
featuring stretchy leg,0
authentic thai citrus,1
peppermint aids,0
feeling of beauty,0
material and you,0
bright flavorful,0
plate every,0
face lavender deodorant,0
astringent property,0
bag sleepytime herb,0
seeds sprouted sunflower,0
non drying yet,0
from flowers,0
our tea,0
honey graham 6x6.3,0
cereals rice,0
rose tea became,0
clns 1x6 oz,0
pineapples strawberries,1
papaya acai,1
naturally in fermented,0
aloe 80 products,0
breakthrough eco,0
natural rice,1
notes inspired,0
oz pecan shortbread,0
buffalo cranberry,0
cranberry soyjoy real,0
noodles 6x8 oz,0
walnut toasty,1
6x4 lb,0
chinese traditionally,0
bath salts combine,0
hear when people,0
fruit juice concentrate,1
jasmine rice 6x1,0
india made,0
preservatives chemicals,0
butter spices,1
include apples,0
walnuts gourmet,0
chinese japanese kampo,1
substantial this cotton,0
oz nourish,0
new all,0
digest safely,0
oz rtd,0
have a sweet,0
jason naturally fresh,0
truly natural note,0
free baked,0
foods chocolate,0
oils which,0
butters are made,0
scrumptious aroma,1
from side,0
red mill tapioca,1
220mg of sodium,0
sugar making,0
kettle chips light,0
leaves are steamed,0
nature's way burdock,0
cacao cocoa,0
morning mouth bacteria,1
save on vermints,0
soup cup,0
help maintain joint,0
1000mg dose,0
hyland's menstrual,0
our raspberry,0
lavender stress,0
tea 6x25,0
when applied,0
bars is derived,0
without stripping,0
double take when,0
magic herbal deodorant,1
swelling and bruising,1
gently removes,0
peelu peppermint toothpaste,1
raw organic foods,1
spring harvested green,0
dairy free choices,0
directions shake well,0
helianthus annuus,1
vitality for healthy,0
au naturel granola,1
grapefruit green,0
lima beans celery,0
oil almonds,1
diced tomatoes 6x18.3,0
crunched by your,0
newman's own dark,0
best shave,1
smoothing eye cream,1
support dentition,0
oil organic garlic,0
allows the true,0
sensation nbsp,0
staple in your,0
toner uses,0
celery seed rosemary,0
silver tips,0
cuisine mung,0
bearitos products,0
ever note,0
psyllium husks powder,1
save on giovanni,0
bbq booty,0
remedy larch,0
yellow mustard seed,1
rooibos tea rich,0
wheat flour organic,0
does not contain,0
litte pear,1
tomatoes available,0
backyard entertaining,0
red beauties,0
deliver the moisturizing,0
sensation hits,0
tea dieters green,0
high quality protein,1
served with pennette,0
similasan we understand,0
pomegranate dressing,1
oz diet black,0
dry and wet,1
makes their protein,0
recycled paper helps,0
magic lemon raspberry,0
complex hearty,0
citrus clementina,1
respiratory system without,0
wicked separation,0
jodhpur lentils,1
enjoy munch away,0
researched for helping,0
6x 2.1 oz,0
candy rolls,1
aloe drink,1
blends naturally,0
full of vitamins,1
leaf extract black,0
research backed,0
spread crunchmaster multi,0
skin mineral rich,0
dentist peppermint,0
we often don't,0
3x22 bag raspberry,0
tastes best when,0
cruelty face,0
surrounding agricultural area,0
maple crunchy,0
shaving and shampooing,0
crunch and dark,0
wrinkle serum,0
stirrings pomegranate,0
popular palak paneer,1
decaffeination process removes,0
corn rice,1
bag assam breakfast,0
organic figs,0
organics snack,0
acid taurine panax,0
malus pumila hpus,0
looking deep,0
tea and flavorings,0
sweet vine,1
pure bergamot,0
ct bulk,0
cap saw palmetto,0
happybellies cereals,1
supplement supports joint,0
sweet potato can,0
tomatoes this flavor,0
lightly simmer them,0
lucini italia savory,0
antioxidants that protect,1
you cleanse your,0
from flowers herbs,0
ground potatoes,1
larabar pecan pie,1
made of many,0
packed with peanuts,1
oz paneer,0
flavor no sugar,0
new cheddar,1
company a family,0
satisfying and rich,0
yet rounded cup,0
clementine energizing,0
cookie you,0
oz enjoy jam,0
chickpeas seasoned,0
organic brown rice,1
fresh and clean,0
inulin chicory extract,1
our wild blueberry,0
blend 12x5.6,0
barbara's bakery 12x,0
better and live,0
meals naturally caffeine,0
free low methoxyl,0
oz rustic guajillo,0
candy cane lane,0
springs mango chili,0
soap 12x3.5,0
remarkable ability,0
vitamins b1 b6,1
oz fudge graham,0
support the liver,0
bake pasta,0
dr mcdougall's roasted,1
wholesome sweetners amber,0
enjoy their rich,0
car sickness,1
tasty fizzy drink,0
any sugar preservatives,0
historically been,0
recommended by your,0
notes from roasted,0
fluffy corncakes,0
beer 1x11lb ginger,0
nbsp a natural,0
purifying herbs burdock,0
steamed greens,1
cereal maple brown,0
you this royal,0
apple almond chia,1
detergent provides,0
topping for your,0
body and hands,0
three drops adds,0
casserole bread your,0
colloidal oatmeal blended,0
beauties our,0
rooibos say,0
cellular and connective,0
add a lemon,0
prenatal contain,0
non hydrogenated palm,1
feel wholly,0
life style,0
seeds this decriptions,0
we searched high,0
full of flavor,0
gluten free cornmeal,1
provides rich,0
minor arthritis symptoms,0
natural hair,1
flakes note description,0
dark european chocolate,1
chips light,0
pod meal,0
dijon mustard 12x12,0
moisturizing qualities,0
cap primadophilus bifidus,0
cream tomatoes,1
chocolate bars available,0
goodness note,0
gluten free sulfite,1
amazing abundance,0
brown leaves,1
light and crunchy,1
ct green white,0
salad potatoes,1
free original,0
oz think,0
vegetable glycerin glyceryl,1
tasting natural,0
fabric softener sheet,0
perfect stage,0
newest citrus magic,0
mocha 8x19,0
immune cell function,0
powder free,0
lunch boxes gluten,0
xylitol radius mint,0
gently cooked blends,0
boxes or our,0
retains its color,0
great tasting nutrient,0
nori gluten free,0
verbena dryer,1
every time you,0
12x1.59 oz soy,0
surfing to sunbathing,0
cravings lighter than,0
advanced formula blends,0
oz flour blend,0
creamy sarsaparilla root,1
asset identification labels,0
oz peppermint hand,0
red herbal tea,1
sorrow and feel,0
classic bbq,1
marshmallow dip 6x12,0
bionaturae peach,1
seasonings morning,0
lemon burst spring,0
kind fruit,0
black tea leaves,1
1x 1.05 oz,0
friendly ecos free,0
stimulate the immune,0
bowel often caused,0
shiitake sesame dressing,1
twinlab amino,0
species chocolate,0
use with larger,0
all natural antioxidant,1
your breakfast table,0
jasmine flowers,1
australian rainforest's,0
fresh fruity fragrance,1
looking and toned,0
brain health plus,0
fresh mango topped,0
balm 1x2.6,0
bakers in italy,0
bears vitamin d3,0
powders use,0
honey brings,0
never gone,0
essentials baking, 0
your manicure set, 0
